"","filenames","species_tree","gamma_stat"
"1","article_0_0_0_0_0.RDa",NA,NA
"2","article_0_0_0_0_1.RDa",NA,NA
"3","article_0_0_0_0_2.RDa",1,0.156716284909481
"4","article_0_0_0_0_2.RDa",2,0.156716284909481
"5","article_0_0_0_1_0.RDa",NA,NA
"6","article_0_0_0_1_1.RDa",NA,NA
"7","article_0_0_0_1_2.RDa",NA,NA
"8","article_0_0_0_2_0.RDa",NA,NA
"9","article_0_0_0_2_1.RDa",NA,NA
"10","article_0_0_0_2_2.RDa",NA,NA
"11","article_0_0_1_0_0.RDa",NA,NA
"12","article_0_0_1_0_1.RDa",NA,NA
"13","article_0_0_1_0_2.RDa",NA,NA
"14","article_0_0_1_1_0.RDa",NA,NA
"15","article_0_0_1_1_1.RDa",NA,NA
"16","article_0_0_1_1_2.RDa",NA,NA
"17","article_0_0_1_2_0.RDa",NA,NA
"18","article_0_0_1_2_1.RDa",NA,NA
"19","article_0_0_1_2_2.RDa",NA,NA
"20","article_0_0_2_0_0.RDa",NA,NA
"21","article_0_0_2_0_1.RDa",NA,NA
"22","article_0_0_2_0_2.RDa",NA,NA
"23","article_0_0_2_1_0.RDa",NA,NA
"24","article_0_0_2_1_1.RDa",NA,NA
"25","article_0_0_2_1_2.RDa",NA,NA
"26","article_0_0_2_2_0.RDa",NA,NA
"27","article_0_0_2_2_1.RDa",NA,NA
"28","article_0_0_2_2_2.RDa",1,-1.73205080756888
"29","article_0_0_2_2_2.RDa",2,-1.73205080756888
"30","article_0_0_3_0_0.RDa",NA,NA
"31","article_0_0_3_0_1.RDa",NA,NA
"32","article_0_0_3_0_2.RDa",1,-1.73205080756888
"33","article_0_0_3_0_2.RDa",2,-1.73205080756888
"34","article_0_0_3_1_0.RDa",NA,NA
"35","article_0_0_3_1_1.RDa",NA,NA
"36","article_0_0_3_1_2.RDa",NA,NA
"37","article_0_0_3_2_0.RDa",1,-1.73205080756888
"38","article_0_0_3_2_0.RDa",2,-1.73205080756888
"39","article_0_0_3_2_1.RDa",NA,NA
"40","article_0_0_3_2_2.RDa",NA,NA
"41","article_0_0_4_0_0.RDa",NA,NA
"42","article_0_0_4_0_1.RDa",NA,NA
"43","article_0_0_4_0_2.RDa",NA,NA
"44","article_0_0_4_1_0.RDa",NA,NA
"45","article_0_0_4_1_1.RDa",NA,NA
"46","article_0_0_4_1_2.RDa",NA,NA
"47","article_0_0_4_2_0.RDa",NA,NA
"48","article_0_0_4_2_1.RDa",NA,NA
"49","article_0_0_4_2_2.RDa",NA,NA
"50","article_0_1_0_0_0.RDa",1,0.501090486102042
"51","article_0_1_0_0_0.RDa",2,0.342806758205792
"52","article_0_1_0_0_1.RDa",1,0.501090486102042
"53","article_0_1_0_0_1.RDa",2,0.342806758205792
"54","article_0_1_0_0_2.RDa",1,0.501090486102042
"55","article_0_1_0_0_2.RDa",2,0.342806758205792
"56","article_0_1_0_1_0.RDa",1,0.501090486102042
"57","article_0_1_0_1_0.RDa",2,0.342806758205792
"58","article_0_1_0_1_1.RDa",NA,NA
"59","article_0_1_0_1_2.RDa",1,0.501090486102042
"60","article_0_1_0_1_2.RDa",2,0.342806758205792
"61","article_0_1_0_2_0.RDa",1,0.501090486102042
"62","article_0_1_0_2_0.RDa",2,0.342806758205792
"63","article_0_1_0_2_1.RDa",NA,NA
"64","article_0_1_0_2_2.RDa",1,0.501090486102042
"65","article_0_1_0_2_2.RDa",2,0.342806758205792
"66","article_0_1_1_0_0.RDa",NA,NA
"67","article_0_1_1_0_1.RDa",NA,NA
"68","article_0_1_1_0_2.RDa",1,-2.40589207407565
"69","article_0_1_1_0_2.RDa",2,-2.40589207407565
"70","article_0_1_1_1_0.RDa",NA,NA
"71","article_0_1_1_1_1.RDa",1,-2.40589207407565
"72","article_0_1_1_1_1.RDa",2,-2.40589207407565
"73","article_0_1_1_1_2.RDa",NA,NA
"74","article_0_1_1_2_0.RDa",1,-2.40589207407565
"75","article_0_1_1_2_0.RDa",2,-2.40589207407565
"76","article_0_1_1_2_1.RDa",1,-2.40589207407565
"77","article_0_1_1_2_1.RDa",2,-2.40589207407565
"78","article_0_1_1_2_2.RDa",1,-2.40589207407565
"79","article_0_1_1_2_2.RDa",2,-2.40589207407565
"80","article_0_1_2_0_0.RDa",NA,NA
"81","article_0_1_2_0_1.RDa",1,-0.333532520093917
"82","article_0_1_2_0_1.RDa",2,-0.333532520093917
"83","article_0_1_2_0_2.RDa",1,-0.333532520093917
"84","article_0_1_2_0_2.RDa",2,-0.333532520093917
"85","article_0_1_2_1_0.RDa",NA,NA
"86","article_0_1_2_1_1.RDa",1,-0.333532520093917
"87","article_0_1_2_1_1.RDa",2,-0.333532520093917
"88","article_0_1_2_1_2.RDa",1,-0.333532520093917
"89","article_0_1_2_1_2.RDa",2,-0.333532520093917
"90","article_0_1_2_2_0.RDa",NA,NA
"91","article_0_1_2_2_1.RDa",1,-0.333532520093917
"92","article_0_1_2_2_1.RDa",2,-0.333532520093917
"93","article_0_1_2_2_2.RDa",1,-0.333532520093917
"94","article_0_1_2_2_2.RDa",2,-0.333532520093917
"95","article_0_1_3_0_0.RDa",1,-0.970698830859415
"96","article_0_1_3_0_0.RDa",2,-0.970698830859415
"97","article_0_1_3_0_1.RDa",NA,NA
"98","article_0_1_3_0_2.RDa",1,-0.970698830859415
"99","article_0_1_3_0_2.RDa",2,-0.970698830859415
"100","article_0_1_3_1_0.RDa",NA,NA
"101","article_0_1_3_1_1.RDa",1,-0.970698830859415
"102","article_0_1_3_1_1.RDa",2,-0.970698830859415
"103","article_0_1_3_1_2.RDa",NA,NA
"104","article_0_1_3_2_0.RDa",NA,NA
"105","article_0_1_3_2_1.RDa",NA,NA
"106","article_0_1_3_2_2.RDa",NA,NA
"107","article_0_1_4_0_0.RDa",NA,NA
"108","article_0_1_4_0_1.RDa",NA,NA
"109","article_0_1_4_0_2.RDa",NA,NA
"110","article_0_1_4_1_0.RDa",NA,NA
"111","article_0_1_4_1_1.RDa",1,-1.73205080756888
"112","article_0_1_4_1_1.RDa",2,-1.73205080756888
"113","article_0_1_4_1_2.RDa",1,-1.73205080756888
"114","article_0_1_4_1_2.RDa",2,-1.73205080756888
"115","article_0_1_4_2_0.RDa",1,-1.73205080756888
"116","article_0_1_4_2_0.RDa",2,-1.73205080756888
"117","article_0_1_4_2_1.RDa",1,-1.73205080756888
"118","article_0_1_4_2_1.RDa",2,-1.73205080756888
"119","article_0_1_4_2_2.RDa",NA,NA
"120","article_0_2_0_0_0.RDa",1,0.812062235162103
"121","article_0_2_0_0_0.RDa",2,0.558703114675471
"122","article_0_2_0_0_1.RDa",NA,NA
"123","article_0_2_0_0_2.RDa",1,0.812062235162103
"124","article_0_2_0_0_2.RDa",2,0.558703114675471
"125","article_0_2_0_1_0.RDa",NA,NA
"126","article_0_2_0_1_1.RDa",NA,NA
"127","article_0_2_0_1_2.RDa",1,0.812062235162103
"128","article_0_2_0_1_2.RDa",2,0.558703114675471
"129","article_0_2_0_2_0.RDa",1,0.812062235162103
"130","article_0_2_0_2_0.RDa",2,0.558703114675471
"131","article_0_2_0_2_1.RDa",1,0.812062235162103
"132","article_0_2_0_2_1.RDa",2,0.558703114675471
"133","article_0_2_0_2_2.RDa",1,0.812062235162103
"134","article_0_2_0_2_2.RDa",2,0.558703114675471
"135","article_0_2_1_0_0.RDa",1,0.465855878008085
"136","article_0_2_1_0_0.RDa",2,0.465855878008085
"137","article_0_2_1_0_1.RDa",1,0.465855878008085
"138","article_0_2_1_0_1.RDa",2,0.465855878008085
"139","article_0_2_1_0_2.RDa",NA,NA
"140","article_0_2_1_1_0.RDa",1,0.465855878008085
"141","article_0_2_1_1_0.RDa",2,0.465855878008085
"142","article_0_2_1_1_1.RDa",NA,NA
"143","article_0_2_1_1_2.RDa",1,0.465855878008085
"144","article_0_2_1_1_2.RDa",2,0.465855878008085
"145","article_0_2_1_2_0.RDa",NA,NA
"146","article_0_2_1_2_1.RDa",1,0.465855878008085
"147","article_0_2_1_2_1.RDa",2,0.465855878008085
"148","article_0_2_1_2_2.RDa",NA,NA
"149","article_0_2_2_0_0.RDa",NA,NA
"150","article_0_2_2_0_1.RDa",NA,NA
"151","article_0_2_2_0_2.RDa",NA,NA
"152","article_0_2_2_1_0.RDa",NA,NA
"153","article_0_2_2_1_1.RDa",1,-1.73205080756888
"154","article_0_2_2_1_1.RDa",2,-1.73205080756888
"155","article_0_2_2_1_2.RDa",NA,NA
"156","article_0_2_2_2_0.RDa",NA,NA
"157","article_0_2_2_2_1.RDa",NA,NA
"158","article_0_2_2_2_2.RDa",NA,NA
"159","article_0_2_3_0_0.RDa",NA,NA
"160","article_0_2_3_0_1.RDa",NA,NA
"161","article_0_2_3_0_2.RDa",NA,NA
"162","article_0_2_3_1_0.RDa",NA,NA
"163","article_0_2_3_1_1.RDa",NA,NA
"164","article_0_2_3_1_2.RDa",NA,NA
"165","article_0_2_3_2_0.RDa",NA,NA
"166","article_0_2_3_2_1.RDa",NA,NA
"167","article_0_2_3_2_2.RDa",NA,NA
"168","article_0_2_4_0_0.RDa",NA,NA
"169","article_0_2_4_0_1.RDa",1,-1.73205080756888
"170","article_0_2_4_0_1.RDa",2,-1.73205080756888
"171","article_0_2_4_0_2.RDa",NA,NA
"172","article_0_2_4_1_0.RDa",NA,NA
"173","article_0_2_4_1_1.RDa",NA,NA
"174","article_0_2_4_1_2.RDa",1,-1.73205080756888
"175","article_0_2_4_1_2.RDa",2,-1.73205080756888
"176","article_0_2_4_2_0.RDa",NA,NA
"177","article_0_2_4_2_1.RDa",NA,NA
"178","article_0_2_4_2_2.RDa",1,-1.73205080756888
"179","article_0_2_4_2_2.RDa",2,-1.73205080756888
"180","article_0_3_0_0_0.RDa",1,0.260766372239135
"181","article_0_3_0_0_0.RDa",2,0.260766372239135
"182","article_0_3_0_0_1.RDa",1,0.260766372239135
"183","article_0_3_0_0_1.RDa",2,0.260766372239135
"184","article_0_3_0_0_2.RDa",1,0.260766372239135
"185","article_0_3_0_0_2.RDa",2,0.260766372239135
"186","article_0_3_0_1_0.RDa",1,0.260766372239135
"187","article_0_3_0_1_0.RDa",2,0.260766372239135
"188","article_0_3_0_1_1.RDa",1,0.260766372239135
"189","article_0_3_0_1_1.RDa",2,0.260766372239135
"190","article_0_3_0_1_2.RDa",1,0.260766372239135
"191","article_0_3_0_1_2.RDa",2,0.260766372239135
"192","article_0_3_0_2_0.RDa",1,0.260766372239135
"193","article_0_3_0_2_0.RDa",2,0.260766372239135
"194","article_0_3_0_2_1.RDa",1,0.260766372239135
"195","article_0_3_0_2_1.RDa",2,0.260766372239135
"196","article_0_3_0_2_2.RDa",1,0.260766372239135
"197","article_0_3_0_2_2.RDa",2,0.260766372239135
"198","article_0_3_1_0_0.RDa",1,-0.23034754684365
"199","article_0_3_1_0_0.RDa",2,-0.23034754684365
"200","article_0_3_1_0_1.RDa",1,-0.23034754684365
"201","article_0_3_1_0_1.RDa",2,-0.23034754684365
"202","article_0_3_1_0_2.RDa",1,-0.23034754684365
"203","article_0_3_1_0_2.RDa",2,-0.23034754684365
"204","article_0_3_1_1_0.RDa",1,-0.23034754684365
"205","article_0_3_1_1_0.RDa",2,-0.23034754684365
"206","article_0_3_1_1_1.RDa",1,-0.23034754684365
"207","article_0_3_1_1_1.RDa",2,-0.23034754684365
"208","article_0_3_1_1_2.RDa",1,-0.23034754684365
"209","article_0_3_1_1_2.RDa",2,-0.23034754684365
"210","article_0_3_1_2_0.RDa",NA,NA
"211","article_0_3_1_2_1.RDa",1,-0.23034754684365
"212","article_0_3_1_2_1.RDa",2,-0.23034754684365
"213","article_0_3_1_2_2.RDa",1,-0.23034754684365
"214","article_0_3_1_2_2.RDa",2,-0.23034754684365
"215","article_0_3_2_0_0.RDa",1,-0.512488334179739
"216","article_0_3_2_0_0.RDa",2,-0.512488334179739
"217","article_0_3_2_0_1.RDa",1,-0.512488334179739
"218","article_0_3_2_0_1.RDa",2,-0.512488334179739
"219","article_0_3_2_0_2.RDa",1,-0.512488334179739
"220","article_0_3_2_0_2.RDa",2,-0.512488334179739
"221","article_0_3_2_1_0.RDa",1,-0.512488334179739
"222","article_0_3_2_1_0.RDa",2,-0.512488334179739
"223","article_0_3_2_1_1.RDa",1,-0.512488334179739
"224","article_0_3_2_1_1.RDa",2,-0.512488334179739
"225","article_0_3_2_1_2.RDa",1,-0.512488334179739
"226","article_0_3_2_1_2.RDa",2,-0.512488334179739
"227","article_0_3_2_2_0.RDa",1,-0.512488334179739
"228","article_0_3_2_2_0.RDa",2,-0.512488334179739
"229","article_0_3_2_2_1.RDa",NA,NA
"230","article_0_3_2_2_2.RDa",1,-0.512488334179739
"231","article_0_3_2_2_2.RDa",2,-0.512488334179739
"232","article_0_3_3_0_0.RDa",1,-1.73205080756888
"233","article_0_3_3_0_0.RDa",2,-1.73205080756888
"234","article_0_3_3_0_1.RDa",1,-1.73205080756888
"235","article_0_3_3_0_1.RDa",2,-1.73205080756888
"236","article_0_3_3_0_2.RDa",NA,NA
"237","article_0_3_3_1_0.RDa",NA,NA
"238","article_0_3_3_1_1.RDa",NA,NA
"239","article_0_3_3_1_2.RDa",NA,NA
"240","article_0_3_3_2_0.RDa",1,-1.73205080756888
"241","article_0_3_3_2_0.RDa",2,-1.73205080756888
"242","article_0_3_3_2_1.RDa",NA,NA
"243","article_0_3_3_2_2.RDa",NA,NA
"244","article_0_3_4_0_0.RDa",NA,NA
"245","article_0_3_4_0_1.RDa",NA,NA
"246","article_0_3_4_0_2.RDa",NA,NA
"247","article_0_3_4_1_0.RDa",NA,NA
"248","article_0_3_4_1_1.RDa",NA,NA
"249","article_0_3_4_1_2.RDa",NA,NA
"250","article_0_3_4_2_0.RDa",NA,NA
"251","article_0_3_4_2_1.RDa",NA,NA
"252","article_0_3_4_2_2.RDa",1,-1.73205080756888
"253","article_0_3_4_2_2.RDa",2,-1.73205080756888
"254","article_0_4_0_0_0.RDa",NA,NA
"255","article_0_4_0_0_1.RDa",NA,NA
"256","article_0_4_0_0_2.RDa",NA,NA
"257","article_0_4_0_1_0.RDa",NA,NA
"258","article_0_4_0_1_1.RDa",NA,NA
"259","article_0_4_0_1_2.RDa",NA,NA
"260","article_0_4_0_2_0.RDa",NA,NA
"261","article_0_4_0_2_1.RDa",1,-1.73205080756888
"262","article_0_4_0_2_1.RDa",2,-1.73205080756888
"263","article_0_4_0_2_2.RDa",1,-1.73205080756888
"264","article_0_4_0_2_2.RDa",2,-1.73205080756888
"265","article_0_4_1_0_0.RDa",NA,NA
"266","article_0_4_1_0_1.RDa",1,-1.73205080756888
"267","article_0_4_1_0_1.RDa",2,-1.73205080756888
"268","article_0_4_1_0_2.RDa",NA,NA
"269","article_0_4_1_1_0.RDa",NA,NA
"270","article_0_4_1_1_1.RDa",NA,NA
"271","article_0_4_1_1_2.RDa",NA,NA
"272","article_0_4_1_2_0.RDa",NA,NA
"273","article_0_4_1_2_1.RDa",NA,NA
"274","article_0_4_1_2_2.RDa",NA,NA
"275","article_0_4_2_0_0.RDa",1,-0.142524395543566
"276","article_0_4_2_0_0.RDa",2,-0.142524395543566
"277","article_0_4_2_0_1.RDa",1,-0.142524395543566
"278","article_0_4_2_0_1.RDa",2,-0.142524395543566
"279","article_0_4_2_0_2.RDa",NA,NA
"280","article_0_4_2_1_0.RDa",NA,NA
"281","article_0_4_2_1_1.RDa",NA,NA
"282","article_0_4_2_1_2.RDa",NA,NA
"283","article_0_4_2_2_0.RDa",NA,NA
"284","article_0_4_2_2_1.RDa",1,-0.142524395543566
"285","article_0_4_2_2_1.RDa",2,-0.142524395543566
"286","article_0_4_2_2_2.RDa",NA,NA
"287","article_0_4_3_0_0.RDa",NA,NA
"288","article_0_4_3_0_1.RDa",NA,NA
"289","article_0_4_3_0_2.RDa",NA,NA
"290","article_0_4_3_1_0.RDa",NA,NA
"291","article_0_4_3_1_1.RDa",NA,NA
"292","article_0_4_3_1_2.RDa",NA,NA
"293","article_0_4_3_2_0.RDa",NA,NA
"294","article_0_4_3_2_1.RDa",NA,NA
"295","article_0_4_3_2_2.RDa",NA,NA
"296","article_0_4_4_0_0.RDa",1,-0.118851351690976
"297","article_0_4_4_0_0.RDa",2,-0.118851351690976
"298","article_0_4_4_0_1.RDa",NA,NA
"299","article_0_4_4_0_2.RDa",NA,NA
"300","article_0_4_4_1_0.RDa",NA,NA
"301","article_0_4_4_1_1.RDa",NA,NA
"302","article_0_4_4_1_2.RDa",NA,NA
"303","article_0_4_4_2_0.RDa",NA,NA
"304","article_0_4_4_2_1.RDa",NA,NA
"305","article_0_4_4_2_2.RDa",NA,NA
"306","article_0_5_0_0_0.RDa",NA,NA
"307","article_0_5_0_0_1.RDa",1,-1.73205080756888
"308","article_0_5_0_0_1.RDa",2,-1.73205080756888
"309","article_0_5_0_0_2.RDa",1,-1.73205080756888
"310","article_0_5_0_0_2.RDa",2,-1.73205080756888
"311","article_0_5_0_1_0.RDa",NA,NA
"312","article_0_5_0_1_1.RDa",NA,NA
"313","article_0_5_0_1_2.RDa",NA,NA
"314","article_0_5_0_2_0.RDa",NA,NA
"315","article_0_5_0_2_1.RDa",1,-1.73205080756888
"316","article_0_5_0_2_1.RDa",2,-1.73205080756888
"317","article_0_5_0_2_2.RDa",NA,NA
"318","article_0_5_1_0_0.RDa",NA,NA
"319","article_0_5_1_0_1.RDa",NA,NA
"320","article_0_5_1_0_2.RDa",NA,NA
"321","article_0_5_1_1_0.RDa",NA,NA
"322","article_0_5_1_1_1.RDa",1,-1.73205080756888
"323","article_0_5_1_1_1.RDa",2,-1.73205080756888
"324","article_0_5_1_1_2.RDa",NA,NA
"325","article_0_5_1_2_0.RDa",NA,NA
"326","article_0_5_1_2_1.RDa",NA,NA
"327","article_0_5_1_2_2.RDa",NA,NA
"328","article_0_5_2_0_0.RDa",1,-1.73205080756888
"329","article_0_5_2_0_0.RDa",2,-1.73205080756888
"330","article_0_5_2_0_1.RDa",1,-1.73205080756888
"331","article_0_5_2_0_1.RDa",2,-1.73205080756888
"332","article_0_5_2_0_2.RDa",NA,NA
"333","article_0_5_2_1_0.RDa",NA,NA
"334","article_0_5_2_1_1.RDa",NA,NA
"335","article_0_5_2_1_2.RDa",NA,NA
"336","article_0_5_2_2_0.RDa",1,-1.73205080756888
"337","article_0_5_2_2_0.RDa",2,-1.73205080756888
"338","article_0_5_2_2_1.RDa",1,-1.73205080756888
"339","article_0_5_2_2_1.RDa",2,-1.73205080756888
"340","article_0_5_2_2_2.RDa",NA,NA
"341","article_0_5_3_0_0.RDa",NA,NA
"342","article_0_5_3_0_1.RDa",NA,NA
"343","article_0_5_3_0_2.RDa",NA,NA
"344","article_0_5_3_1_0.RDa",1,-1.73205080756888
"345","article_0_5_3_1_0.RDa",2,-1.73205080756888
"346","article_0_5_3_1_1.RDa",NA,NA
"347","article_0_5_3_1_2.RDa",NA,NA
"348","article_0_5_3_2_0.RDa",NA,NA
"349","article_0_5_3_2_1.RDa",NA,NA
"350","article_0_5_3_2_2.RDa",NA,NA
"351","article_0_5_4_0_0.RDa",NA,NA
"352","article_0_5_4_0_1.RDa",1,-1.73205080756888
"353","article_0_5_4_0_1.RDa",2,-1.73205080756888
"354","article_0_5_4_0_2.RDa",1,-1.73205080756888
"355","article_0_5_4_0_2.RDa",2,-1.73205080756888
"356","article_0_5_4_1_0.RDa",NA,NA
"357","article_0_5_4_1_1.RDa",NA,NA
"358","article_0_5_4_1_2.RDa",1,-1.73205080756888
"359","article_0_5_4_1_2.RDa",2,-1.73205080756888
"360","article_0_5_4_2_0.RDa",NA,NA
"361","article_0_5_4_2_1.RDa",NA,NA
"362","article_0_5_4_2_2.RDa",NA,NA
"363","article_1_0_0_0_0.RDa",NA,NA
"364","article_1_0_0_0_1.RDa",1,-14.4811855614625
"365","article_1_0_0_0_1.RDa",2,-14.5309979460458
"366","article_1_0_0_0_2.RDa",1,-14.4811855614625
"367","article_1_0_0_0_2.RDa",2,-14.5309979460458
"368","article_1_0_0_1_0.RDa",NA,NA
"369","article_1_0_0_1_1.RDa",1,-14.4811855614625
"370","article_1_0_0_1_1.RDa",2,-14.5309979460458
"371","article_1_0_0_1_2.RDa",1,-14.4811855614625
"372","article_1_0_0_1_2.RDa",2,-14.5309979460458
"373","article_1_0_0_2_0.RDa",NA,NA
"374","article_1_0_0_2_1.RDa",1,-14.4811855614625
"375","article_1_0_0_2_1.RDa",2,-14.5309979460458
"376","article_1_0_0_2_2.RDa",1,-14.4811855614625
"377","article_1_0_0_2_2.RDa",2,-14.5309979460458
"378","article_1_0_1_0_0.RDa",NA,NA
"379","article_1_0_1_0_1.RDa",NA,NA
"380","article_1_0_1_0_2.RDa",1,-8.43910065803825
"381","article_1_0_1_0_2.RDa",2,-7.70986563669985
"382","article_1_0_1_1_0.RDa",NA,NA
"383","article_1_0_1_1_1.RDa",NA,NA
"384","article_1_0_1_1_2.RDa",1,-8.43910065803825
"385","article_1_0_1_1_2.RDa",2,-7.70986563669985
"386","article_1_0_1_2_0.RDa",NA,NA
"387","article_1_0_1_2_1.RDa",NA,NA
"388","article_1_0_1_2_2.RDa",NA,NA
"389","article_1_0_2_0_0.RDa",1,-4.32787496429945
"390","article_1_0_2_0_0.RDa",2,-4.51876881039225
"391","article_1_0_2_0_1.RDa",1,-4.32787496429945
"392","article_1_0_2_0_1.RDa",2,-4.51876881039225
"393","article_1_0_2_0_2.RDa",NA,NA
"394","article_1_0_2_1_0.RDa",1,-4.32787496429945
"395","article_1_0_2_1_0.RDa",2,-4.51876881039225
"396","article_1_0_2_1_1.RDa",1,-4.32787496429945
"397","article_1_0_2_1_1.RDa",2,-4.51876881039225
"398","article_1_0_2_1_2.RDa",1,-4.32787496429945
"399","article_1_0_2_1_2.RDa",2,-4.51876881039225
"400","article_1_0_2_2_0.RDa",1,-4.32787496429945
"401","article_1_0_2_2_0.RDa",2,-4.51876881039225
"402","article_1_0_2_2_1.RDa",1,-4.32787496429945
"403","article_1_0_2_2_1.RDa",2,-4.51876881039225
"404","article_1_0_2_2_2.RDa",1,-4.32787496429945
"405","article_1_0_2_2_2.RDa",2,-4.51876881039225
"406","article_1_0_3_0_0.RDa",1,-1.17395240856623
"407","article_1_0_3_0_0.RDa",2,-1.60158480312617
"408","article_1_0_3_0_1.RDa",1,-1.17395240856623
"409","article_1_0_3_0_1.RDa",2,-1.60158480312617
"410","article_1_0_3_0_2.RDa",1,-1.17395240856623
"411","article_1_0_3_0_2.RDa",2,-1.60158480312617
"412","article_1_0_3_1_0.RDa",1,-1.17395240856623
"413","article_1_0_3_1_0.RDa",2,-1.60158480312617
"414","article_1_0_3_1_1.RDa",1,-1.17395240856623
"415","article_1_0_3_1_1.RDa",2,-1.60158480312617
"416","article_1_0_3_1_2.RDa",1,-1.17395240856623
"417","article_1_0_3_1_2.RDa",2,-1.60158480312617
"418","article_1_0_3_2_0.RDa",1,-1.17395240856623
"419","article_1_0_3_2_0.RDa",2,-1.60158480312617
"420","article_1_0_3_2_1.RDa",1,-1.17395240856623
"421","article_1_0_3_2_1.RDa",2,-1.60158480312617
"422","article_1_0_3_2_2.RDa",1,-1.17395240856623
"423","article_1_0_3_2_2.RDa",2,-1.60158480312617
"424","article_1_0_4_0_0.RDa",NA,NA
"425","article_1_0_4_0_1.RDa",NA,NA
"426","article_1_0_4_0_2.RDa",NA,NA
"427","article_1_0_4_1_0.RDa",NA,NA
"428","article_1_0_4_1_1.RDa",NA,NA
"429","article_1_0_4_1_2.RDa",NA,NA
"430","article_1_0_4_2_0.RDa",NA,NA
"431","article_1_0_4_2_1.RDa",NA,NA
"432","article_1_0_4_2_2.RDa",NA,NA
"433","article_1_1_0_0_0.RDa",NA,NA
"434","article_1_1_0_0_1.RDa",1,-11.3416799060722
"435","article_1_1_0_0_1.RDa",2,-11.2841958638606
"436","article_1_1_0_0_2.RDa",1,-11.3416799060722
"437","article_1_1_0_0_2.RDa",2,-11.2841958638606
"438","article_1_1_0_1_0.RDa",NA,NA
"439","article_1_1_0_1_1.RDa",1,-11.3416799060722
"440","article_1_1_0_1_1.RDa",2,-11.2841958638606
"441","article_1_1_0_1_2.RDa",1,-11.3416799060722
"442","article_1_1_0_1_2.RDa",2,-11.2841958638606
"443","article_1_1_0_2_0.RDa",NA,NA
"444","article_1_1_0_2_1.RDa",1,-11.3416799060722
"445","article_1_1_0_2_1.RDa",2,-11.2841958638606
"446","article_1_1_0_2_2.RDa",1,-11.3416799060722
"447","article_1_1_0_2_2.RDa",2,-11.2841958638606
"448","article_1_1_1_0_0.RDa",NA,NA
"449","article_1_1_1_0_1.RDa",1,-8.25580498911427
"450","article_1_1_1_0_1.RDa",2,-7.97691889441072
"451","article_1_1_1_0_2.RDa",1,-8.25580498911427
"452","article_1_1_1_0_2.RDa",2,-7.97691889441072
"453","article_1_1_1_1_0.RDa",NA,NA
"454","article_1_1_1_1_1.RDa",1,-8.25580498911427
"455","article_1_1_1_1_1.RDa",2,-7.97691889441072
"456","article_1_1_1_1_2.RDa",1,-8.25580498911427
"457","article_1_1_1_1_2.RDa",2,-7.97691889441072
"458","article_1_1_1_2_0.RDa",NA,NA
"459","article_1_1_1_2_1.RDa",1,-8.25580498911427
"460","article_1_1_1_2_1.RDa",2,-7.97691889441072
"461","article_1_1_1_2_2.RDa",1,-8.25580498911427
"462","article_1_1_1_2_2.RDa",2,-7.97691889441072
"463","article_1_1_2_0_0.RDa",NA,NA
"464","article_1_1_2_0_1.RDa",NA,NA
"465","article_1_1_2_0_2.RDa",1,-4.74237129650087
"466","article_1_1_2_0_2.RDa",2,-4.57806162469259
"467","article_1_1_2_1_0.RDa",NA,NA
"468","article_1_1_2_1_1.RDa",NA,NA
"469","article_1_1_2_1_2.RDa",1,-4.74237129650087
"470","article_1_1_2_1_2.RDa",2,-4.57806162469259
"471","article_1_1_2_2_0.RDa",NA,NA
"472","article_1_1_2_2_1.RDa",NA,NA
"473","article_1_1_2_2_2.RDa",NA,NA
"474","article_1_1_3_0_0.RDa",1,-0.274237814523473
"475","article_1_1_3_0_0.RDa",2,-0.370521672551523
"476","article_1_1_3_0_1.RDa",NA,NA
"477","article_1_1_3_0_2.RDa",1,-0.274237814523473
"478","article_1_1_3_0_2.RDa",2,-0.370521672551523
"479","article_1_1_3_1_0.RDa",NA,NA
"480","article_1_1_3_1_1.RDa",NA,NA
"481","article_1_1_3_1_2.RDa",NA,NA
"482","article_1_1_3_2_0.RDa",NA,NA
"483","article_1_1_3_2_1.RDa",NA,NA
"484","article_1_1_3_2_2.RDa",NA,NA
"485","article_1_1_4_0_0.RDa",NA,NA
"486","article_1_1_4_0_1.RDa",NA,NA
"487","article_1_1_4_0_2.RDa",NA,NA
"488","article_1_1_4_1_0.RDa",NA,NA
"489","article_1_1_4_1_1.RDa",NA,NA
"490","article_1_1_4_1_2.RDa",1,-1.73205080756888
"491","article_1_1_4_1_2.RDa",2,-1.73205080756888
"492","article_1_1_4_2_0.RDa",NA,NA
"493","article_1_1_4_2_1.RDa",NA,NA
"494","article_1_1_4_2_2.RDa",NA,NA
"495","article_1_2_0_0_0.RDa",1,-8.37719607488576
"496","article_1_2_0_0_0.RDa",2,-8.42952666230189
"497","article_1_2_0_0_1.RDa",1,-8.37719607488576
"498","article_1_2_0_0_1.RDa",2,-8.42952666230189
"499","article_1_2_0_0_2.RDa",1,-8.37719607488576
"500","article_1_2_0_0_2.RDa",2,-8.42952666230189
"501","article_1_2_0_1_0.RDa",1,-8.37719607488576
"502","article_1_2_0_1_0.RDa",2,-8.42952666230189
"503","article_1_2_0_1_1.RDa",1,-8.37719607488576
"504","article_1_2_0_1_1.RDa",2,-8.42952666230189
"505","article_1_2_0_1_2.RDa",1,-8.37719607488576
"506","article_1_2_0_1_2.RDa",2,-8.42952666230189
"507","article_1_2_0_2_0.RDa",1,-8.37719607488576
"508","article_1_2_0_2_0.RDa",2,-8.42952666230189
"509","article_1_2_0_2_1.RDa",1,-8.37719607488576
"510","article_1_2_0_2_1.RDa",2,-8.42952666230189
"511","article_1_2_0_2_2.RDa",1,-8.37719607488576
"512","article_1_2_0_2_2.RDa",2,-8.42952666230189
"513","article_1_2_1_0_0.RDa",1,-6.25219928348604
"514","article_1_2_1_0_0.RDa",2,-6.2060022673993
"515","article_1_2_1_0_1.RDa",1,-6.25219928348604
"516","article_1_2_1_0_1.RDa",2,-6.2060022673993
"517","article_1_2_1_0_2.RDa",1,-6.25219928348604
"518","article_1_2_1_0_2.RDa",2,-6.2060022673993
"519","article_1_2_1_1_0.RDa",NA,NA
"520","article_1_2_1_1_1.RDa",1,-6.25219928348604
"521","article_1_2_1_1_1.RDa",2,-6.2060022673993
"522","article_1_2_1_1_2.RDa",1,-6.25219928348604
"523","article_1_2_1_1_2.RDa",2,-6.2060022673993
"524","article_1_2_1_2_0.RDa",1,-6.25219928348604
"525","article_1_2_1_2_0.RDa",2,-6.2060022673993
"526","article_1_2_1_2_1.RDa",1,-6.25219928348604
"527","article_1_2_1_2_1.RDa",2,-6.2060022673993
"528","article_1_2_1_2_2.RDa",1,-6.25219928348604
"529","article_1_2_1_2_2.RDa",2,-6.2060022673993
"530","article_1_2_2_0_0.RDa",NA,NA
"531","article_1_2_2_0_1.RDa",1,-2.34297644822346
"532","article_1_2_2_0_1.RDa",2,-2.31875191660658
"533","article_1_2_2_0_2.RDa",1,-2.34297644822346
"534","article_1_2_2_0_2.RDa",2,-2.31875191660658
"535","article_1_2_2_1_0.RDa",NA,NA
"536","article_1_2_2_1_1.RDa",1,-2.34297644822346
"537","article_1_2_2_1_1.RDa",2,-2.31875191660658
"538","article_1_2_2_1_2.RDa",1,-2.34297644822346
"539","article_1_2_2_1_2.RDa",2,-2.31875191660658
"540","article_1_2_2_2_0.RDa",NA,NA
"541","article_1_2_2_2_1.RDa",1,-2.34297644822346
"542","article_1_2_2_2_1.RDa",2,-2.31875191660658
"543","article_1_2_2_2_2.RDa",1,-2.34297644822346
"544","article_1_2_2_2_2.RDa",2,-2.31875191660658
"545","article_1_2_3_0_0.RDa",1,-0.57494818531076
"546","article_1_2_3_0_0.RDa",2,-0.57494818531076
"547","article_1_2_3_0_1.RDa",1,-0.57494818531076
"548","article_1_2_3_0_1.RDa",2,-0.57494818531076
"549","article_1_2_3_0_2.RDa",1,-0.57494818531076
"550","article_1_2_3_0_2.RDa",2,-0.57494818531076
"551","article_1_2_3_1_0.RDa",1,-0.57494818531076
"552","article_1_2_3_1_0.RDa",2,-0.57494818531076
"553","article_1_2_3_1_1.RDa",1,-0.57494818531076
"554","article_1_2_3_1_1.RDa",2,-0.57494818531076
"555","article_1_2_3_1_2.RDa",1,-0.57494818531076
"556","article_1_2_3_1_2.RDa",2,-0.57494818531076
"557","article_1_2_3_2_0.RDa",1,-0.57494818531076
"558","article_1_2_3_2_0.RDa",2,-0.57494818531076
"559","article_1_2_3_2_1.RDa",1,-0.57494818531076
"560","article_1_2_3_2_1.RDa",2,-0.57494818531076
"561","article_1_2_3_2_2.RDa",1,-0.57494818531076
"562","article_1_2_3_2_2.RDa",2,-0.57494818531076
"563","article_1_2_4_0_0.RDa",1,-1.73205080756888
"564","article_1_2_4_0_0.RDa",2,-1.73205080756888
"565","article_1_2_4_0_1.RDa",1,-1.73205080756888
"566","article_1_2_4_0_1.RDa",2,-1.73205080756888
"567","article_1_2_4_0_2.RDa",1,-1.73205080756888
"568","article_1_2_4_0_2.RDa",2,-1.73205080756888
"569","article_1_2_4_1_0.RDa",1,-1.73205080756888
"570","article_1_2_4_1_0.RDa",2,-1.73205080756888
"571","article_1_2_4_1_1.RDa",1,-1.73205080756888
"572","article_1_2_4_1_1.RDa",2,-1.73205080756888
"573","article_1_2_4_1_2.RDa",1,-1.73205080756888
"574","article_1_2_4_1_2.RDa",2,-1.73205080756888
"575","article_1_2_4_2_0.RDa",1,-1.73205080756888
"576","article_1_2_4_2_0.RDa",2,-1.73205080756888
"577","article_1_2_4_2_1.RDa",1,-1.73205080756888
"578","article_1_2_4_2_1.RDa",2,-1.73205080756888
"579","article_1_2_4_2_2.RDa",1,-1.73205080756888
"580","article_1_2_4_2_2.RDa",2,-1.73205080756888
"581","article_1_3_0_0_0.RDa",1,0.229695824217986
"582","article_1_3_0_0_0.RDa",2,0.229695824217986
"583","article_1_3_0_0_1.RDa",1,0.229695824217986
"584","article_1_3_0_0_1.RDa",2,0.229695824217986
"585","article_1_3_0_0_2.RDa",1,0.229695824217986
"586","article_1_3_0_0_2.RDa",2,0.229695824217986
"587","article_1_3_0_1_0.RDa",1,0.229695824217986
"588","article_1_3_0_1_0.RDa",2,0.229695824217986
"589","article_1_3_0_1_1.RDa",1,0.229695824217986
"590","article_1_3_0_1_1.RDa",2,0.229695824217986
"591","article_1_3_0_1_2.RDa",1,0.229695824217986
"592","article_1_3_0_1_2.RDa",2,0.229695824217986
"593","article_1_3_0_2_0.RDa",1,0.229695824217986
"594","article_1_3_0_2_0.RDa",2,0.229695824217986
"595","article_1_3_0_2_1.RDa",1,0.229695824217986
"596","article_1_3_0_2_1.RDa",2,0.229695824217986
"597","article_1_3_0_2_2.RDa",1,0.229695824217986
"598","article_1_3_0_2_2.RDa",2,0.229695824217986
"599","article_1_3_1_0_0.RDa",1,1.21156513845509
"600","article_1_3_1_0_0.RDa",2,1.21156513845509
"601","article_1_3_1_0_1.RDa",1,1.21156513845509
"602","article_1_3_1_0_1.RDa",2,1.21156513845509
"603","article_1_3_1_0_2.RDa",1,1.21156513845509
"604","article_1_3_1_0_2.RDa",2,1.21156513845509
"605","article_1_3_1_1_0.RDa",1,1.21156513845509
"606","article_1_3_1_1_0.RDa",2,1.21156513845509
"607","article_1_3_1_1_1.RDa",1,1.21156513845509
"608","article_1_3_1_1_1.RDa",2,1.21156513845509
"609","article_1_3_1_1_2.RDa",1,1.21156513845509
"610","article_1_3_1_1_2.RDa",2,1.21156513845509
"611","article_1_3_1_2_0.RDa",1,1.21156513845509
"612","article_1_3_1_2_0.RDa",2,1.21156513845509
"613","article_1_3_1_2_1.RDa",1,1.21156513845509
"614","article_1_3_1_2_1.RDa",2,1.21156513845509
"615","article_1_3_1_2_2.RDa",1,1.21156513845509
"616","article_1_3_1_2_2.RDa",2,1.21156513845509
"617","article_1_3_2_0_0.RDa",1,1.07724266347576
"618","article_1_3_2_0_0.RDa",2,1.07724266347576
"619","article_1_3_2_0_1.RDa",NA,NA
"620","article_1_3_2_0_2.RDa",1,1.07724266347576
"621","article_1_3_2_0_2.RDa",2,1.07724266347576
"622","article_1_3_2_1_0.RDa",1,1.07724266347576
"623","article_1_3_2_1_0.RDa",2,1.07724266347576
"624","article_1_3_2_1_1.RDa",1,1.07724266347576
"625","article_1_3_2_1_1.RDa",2,1.07724266347576
"626","article_1_3_2_1_2.RDa",1,1.07724266347576
"627","article_1_3_2_1_2.RDa",2,1.07724266347576
"628","article_1_3_2_2_0.RDa",1,1.07724266347576
"629","article_1_3_2_2_0.RDa",2,1.07724266347576
"630","article_1_3_2_2_1.RDa",1,1.07724266347576
"631","article_1_3_2_2_1.RDa",2,1.07724266347576
"632","article_1_3_2_2_2.RDa",1,1.07724266347576
"633","article_1_3_2_2_2.RDa",2,1.07724266347576
"634","article_1_3_3_0_0.RDa",1,1.44605559851949
"635","article_1_3_3_0_0.RDa",2,1.44605559851949
"636","article_1_3_3_0_1.RDa",1,1.44605559851949
"637","article_1_3_3_0_1.RDa",2,1.44605559851949
"638","article_1_3_3_0_2.RDa",1,1.44605559851949
"639","article_1_3_3_0_2.RDa",2,1.44605559851949
"640","article_1_3_3_1_0.RDa",1,1.44605559851949
"641","article_1_3_3_1_0.RDa",2,1.44605559851949
"642","article_1_3_3_1_1.RDa",1,1.44605559851949
"643","article_1_3_3_1_1.RDa",2,1.44605559851949
"644","article_1_3_3_1_2.RDa",1,1.44605559851949
"645","article_1_3_3_1_2.RDa",2,1.44605559851949
"646","article_1_3_3_2_0.RDa",1,1.44605559851949
"647","article_1_3_3_2_0.RDa",2,1.44605559851949
"648","article_1_3_3_2_1.RDa",1,1.44605559851949
"649","article_1_3_3_2_1.RDa",2,1.44605559851949
"650","article_1_3_3_2_2.RDa",1,1.44605559851949
"651","article_1_3_3_2_2.RDa",2,1.44605559851949
"652","article_1_3_4_0_0.RDa",1,-1.73205080756888
"653","article_1_3_4_0_0.RDa",2,-1.73205080756888
"654","article_1_3_4_0_1.RDa",1,-1.73205080756888
"655","article_1_3_4_0_1.RDa",2,-1.73205080756888
"656","article_1_3_4_0_2.RDa",1,-1.73205080756888
"657","article_1_3_4_0_2.RDa",2,-1.73205080756888
"658","article_1_3_4_1_0.RDa",1,-1.73205080756888
"659","article_1_3_4_1_0.RDa",2,-1.73205080756888
"660","article_1_3_4_1_1.RDa",1,-1.73205080756888
"661","article_1_3_4_1_1.RDa",2,-1.73205080756888
"662","article_1_3_4_1_2.RDa",1,-1.73205080756888
"663","article_1_3_4_1_2.RDa",2,-1.73205080756888
"664","article_1_3_4_2_0.RDa",1,-1.73205080756888
"665","article_1_3_4_2_0.RDa",2,-1.73205080756888
"666","article_1_3_4_2_1.RDa",1,-1.73205080756888
"667","article_1_3_4_2_1.RDa",2,-1.73205080756888
"668","article_1_3_4_2_2.RDa",1,-1.73205080756888
"669","article_1_3_4_2_2.RDa",2,-1.73205080756888
"670","article_1_4_0_0_0.RDa",1,-1.73205080756888
"671","article_1_4_0_0_0.RDa",2,-1.73205080756888
"672","article_1_4_0_0_1.RDa",1,-1.73205080756888
"673","article_1_4_0_0_1.RDa",2,-1.73205080756888
"674","article_1_4_0_0_2.RDa",1,-1.73205080756888
"675","article_1_4_0_0_2.RDa",2,-1.73205080756888
"676","article_1_4_0_1_0.RDa",1,-1.73205080756888
"677","article_1_4_0_1_0.RDa",2,-1.73205080756888
"678","article_1_4_0_1_1.RDa",1,-1.73205080756888
"679","article_1_4_0_1_1.RDa",2,-1.73205080756888
"680","article_1_4_0_1_2.RDa",1,-1.73205080756888
"681","article_1_4_0_1_2.RDa",2,-1.73205080756888
"682","article_1_4_0_2_0.RDa",1,-1.73205080756888
"683","article_1_4_0_2_0.RDa",2,-1.73205080756888
"684","article_1_4_0_2_1.RDa",1,-1.73205080756888
"685","article_1_4_0_2_1.RDa",2,-1.73205080756888
"686","article_1_4_0_2_2.RDa",1,-1.73205080756888
"687","article_1_4_0_2_2.RDa",2,-1.73205080756888
"688","article_1_4_1_0_0.RDa",1,-1.21632474795955
"689","article_1_4_1_0_0.RDa",2,-1.21632474795955
"690","article_1_4_1_0_1.RDa",1,-1.21632474795955
"691","article_1_4_1_0_1.RDa",2,-1.21632474795955
"692","article_1_4_1_0_2.RDa",1,-1.21632474795955
"693","article_1_4_1_0_2.RDa",2,-1.21632474795955
"694","article_1_4_1_1_0.RDa",1,-1.21632474795955
"695","article_1_4_1_1_0.RDa",2,-1.21632474795955
"696","article_1_4_1_1_1.RDa",1,-1.21632474795955
"697","article_1_4_1_1_1.RDa",2,-1.21632474795955
"698","article_1_4_1_1_2.RDa",1,-1.21632474795955
"699","article_1_4_1_1_2.RDa",2,-1.21632474795955
"700","article_1_4_1_2_0.RDa",1,-1.21632474795955
"701","article_1_4_1_2_0.RDa",2,-1.21632474795955
"702","article_1_4_1_2_1.RDa",1,-1.21632474795955
"703","article_1_4_1_2_1.RDa",2,-1.21632474795955
"704","article_1_4_1_2_2.RDa",1,-1.21632474795955
"705","article_1_4_1_2_2.RDa",2,-1.21632474795955
"706","article_1_4_2_0_0.RDa",1,-2.38440522173314
"707","article_1_4_2_0_0.RDa",2,-2.38440522173314
"708","article_1_4_2_0_1.RDa",1,-2.38440522173314
"709","article_1_4_2_0_1.RDa",2,-2.38440522173314
"710","article_1_4_2_0_2.RDa",1,-2.38440522173314
"711","article_1_4_2_0_2.RDa",2,-2.38440522173314
"712","article_1_4_2_1_0.RDa",1,-2.38440522173314
"713","article_1_4_2_1_0.RDa",2,-2.38440522173314
"714","article_1_4_2_1_1.RDa",1,-2.38440522173314
"715","article_1_4_2_1_1.RDa",2,-2.38440522173314
"716","article_1_4_2_1_2.RDa",1,-2.38440522173314
"717","article_1_4_2_1_2.RDa",2,-2.38440522173314
"718","article_1_4_2_2_0.RDa",1,-2.38440522173314
"719","article_1_4_2_2_0.RDa",2,-2.38440522173314
"720","article_1_4_2_2_1.RDa",1,-2.38440522173314
"721","article_1_4_2_2_1.RDa",2,-2.38440522173314
"722","article_1_4_2_2_2.RDa",1,-2.38440522173314
"723","article_1_4_2_2_2.RDa",2,-2.38440522173314
"724","article_1_4_3_0_0.RDa",1,-1.73205080756888
"725","article_1_4_3_0_0.RDa",2,-1.73205080756888
"726","article_1_4_3_0_1.RDa",1,-1.73205080756888
"727","article_1_4_3_0_1.RDa",2,-1.73205080756888
"728","article_1_4_3_0_2.RDa",1,-1.73205080756888
"729","article_1_4_3_0_2.RDa",2,-1.73205080756888
"730","article_1_4_3_1_0.RDa",1,-1.73205080756888
"731","article_1_4_3_1_0.RDa",2,-1.73205080756888
"732","article_1_4_3_1_1.RDa",1,-1.73205080756888
"733","article_1_4_3_1_1.RDa",2,-1.73205080756888
"734","article_1_4_3_1_2.RDa",1,-1.73205080756888
"735","article_1_4_3_1_2.RDa",2,-1.73205080756888
"736","article_1_4_3_2_0.RDa",1,-1.73205080756888
"737","article_1_4_3_2_0.RDa",2,-1.73205080756888
"738","article_1_4_3_2_1.RDa",1,-1.73205080756888
"739","article_1_4_3_2_1.RDa",2,-1.73205080756888
"740","article_1_4_3_2_2.RDa",1,-1.73205080756888
"741","article_1_4_3_2_2.RDa",2,-1.73205080756888
"742","article_1_4_4_0_0.RDa",1,-1.73205080756888
"743","article_1_4_4_0_0.RDa",2,-1.73205080756888
"744","article_1_4_4_0_1.RDa",1,-1.73205080756888
"745","article_1_4_4_0_1.RDa",2,-1.73205080756888
"746","article_1_4_4_0_2.RDa",1,-1.73205080756888
"747","article_1_4_4_0_2.RDa",2,-1.73205080756888
"748","article_1_4_4_1_0.RDa",1,-1.73205080756888
"749","article_1_4_4_1_0.RDa",2,-1.73205080756888
"750","article_1_4_4_1_1.RDa",1,-1.73205080756888
"751","article_1_4_4_1_1.RDa",2,-1.73205080756888
"752","article_1_4_4_1_2.RDa",1,-1.73205080756888
"753","article_1_4_4_1_2.RDa",2,-1.73205080756888
"754","article_1_4_4_2_0.RDa",1,-1.73205080756888
"755","article_1_4_4_2_0.RDa",2,-1.73205080756888
"756","article_1_4_4_2_1.RDa",1,-1.73205080756888
"757","article_1_4_4_2_1.RDa",2,-1.73205080756888
"758","article_1_4_4_2_2.RDa",1,-1.73205080756888
"759","article_1_4_4_2_2.RDa",2,-1.73205080756888
"760","article_1_5_0_0_0.RDa",1,-1.73205080756888
"761","article_1_5_0_0_0.RDa",2,-1.73205080756888
"762","article_1_5_0_0_1.RDa",1,-1.73205080756888
"763","article_1_5_0_0_1.RDa",2,-1.73205080756888
"764","article_1_5_0_0_2.RDa",1,-1.73205080756888
"765","article_1_5_0_0_2.RDa",2,-1.73205080756888
"766","article_1_5_0_1_0.RDa",1,-1.73205080756888
"767","article_1_5_0_1_0.RDa",2,-1.73205080756888
"768","article_1_5_0_1_1.RDa",1,-1.73205080756888
"769","article_1_5_0_1_1.RDa",2,-1.73205080756888
"770","article_1_5_0_1_2.RDa",1,-1.73205080756888
"771","article_1_5_0_1_2.RDa",2,-1.73205080756888
"772","article_1_5_0_2_0.RDa",1,-1.73205080756888
"773","article_1_5_0_2_0.RDa",2,-1.73205080756888
"774","article_1_5_0_2_1.RDa",1,-1.73205080756888
"775","article_1_5_0_2_1.RDa",2,-1.73205080756888
"776","article_1_5_0_2_2.RDa",1,-1.73205080756888
"777","article_1_5_0_2_2.RDa",2,-1.73205080756888
"778","article_1_5_1_0_0.RDa",1,0.568711285202745
"779","article_1_5_1_0_0.RDa",2,0.568711285202745
"780","article_1_5_1_0_1.RDa",1,0.568711285202745
"781","article_1_5_1_0_1.RDa",2,0.568711285202745
"782","article_1_5_1_0_2.RDa",1,0.568711285202745
"783","article_1_5_1_0_2.RDa",2,0.568711285202745
"784","article_1_5_1_1_0.RDa",1,0.568711285202745
"785","article_1_5_1_1_0.RDa",2,0.568711285202745
"786","article_1_5_1_1_1.RDa",1,0.568711285202745
"787","article_1_5_1_1_1.RDa",2,0.568711285202745
"788","article_1_5_1_1_2.RDa",1,0.568711285202745
"789","article_1_5_1_1_2.RDa",2,0.568711285202745
"790","article_1_5_1_2_0.RDa",1,0.568711285202745
"791","article_1_5_1_2_0.RDa",2,0.568711285202745
"792","article_1_5_1_2_1.RDa",1,0.568711285202745
"793","article_1_5_1_2_1.RDa",2,0.568711285202745
"794","article_1_5_1_2_2.RDa",1,0.568711285202745
"795","article_1_5_1_2_2.RDa",2,0.568711285202745
"796","article_1_5_2_0_0.RDa",1,-2.38693695261214
"797","article_1_5_2_0_0.RDa",2,-2.38693695261214
"798","article_1_5_2_0_1.RDa",1,-2.38693695261214
"799","article_1_5_2_0_1.RDa",2,-2.38693695261214
"800","article_1_5_2_0_2.RDa",1,-2.38693695261214
"801","article_1_5_2_0_2.RDa",2,-2.38693695261214
"802","article_1_5_2_1_0.RDa",1,-2.38693695261214
"803","article_1_5_2_1_0.RDa",2,-2.38693695261214
"804","article_1_5_2_1_1.RDa",1,-2.38693695261214
"805","article_1_5_2_1_1.RDa",2,-2.38693695261214
"806","article_1_5_2_1_2.RDa",1,-2.38693695261214
"807","article_1_5_2_1_2.RDa",2,-2.38693695261214
"808","article_1_5_2_2_0.RDa",1,-2.38693695261214
"809","article_1_5_2_2_0.RDa",2,-2.38693695261214
"810","article_1_5_2_2_1.RDa",1,-2.38693695261214
"811","article_1_5_2_2_1.RDa",2,-2.38693695261214
"812","article_1_5_2_2_2.RDa",1,-2.38693695261214
"813","article_1_5_2_2_2.RDa",2,-2.38693695261214
"814","article_1_5_3_0_0.RDa",1,-1.73205080756888
"815","article_1_5_3_0_0.RDa",2,-1.73205080756888
"816","article_1_5_3_0_1.RDa",1,-1.73205080756888
"817","article_1_5_3_0_1.RDa",2,-1.73205080756888
"818","article_1_5_3_0_2.RDa",1,-1.73205080756888
"819","article_1_5_3_0_2.RDa",2,-1.73205080756888
"820","article_1_5_3_1_0.RDa",1,-1.73205080756888
"821","article_1_5_3_1_0.RDa",2,-1.73205080756888
"822","article_1_5_3_1_1.RDa",1,-1.73205080756888
"823","article_1_5_3_1_1.RDa",2,-1.73205080756888
"824","article_1_5_3_1_2.RDa",1,-1.73205080756888
"825","article_1_5_3_1_2.RDa",2,-1.73205080756888
"826","article_1_5_3_2_0.RDa",1,-1.73205080756888
"827","article_1_5_3_2_0.RDa",2,-1.73205080756888
"828","article_1_5_3_2_1.RDa",1,-1.73205080756888
"829","article_1_5_3_2_1.RDa",2,-1.73205080756888
"830","article_1_5_3_2_2.RDa",1,-1.73205080756888
"831","article_1_5_3_2_2.RDa",2,-1.73205080756888
"832","article_1_5_4_0_0.RDa",1,-0.368126177558216
"833","article_1_5_4_0_0.RDa",2,-0.368126177558216
"834","article_1_5_4_0_1.RDa",1,-0.368126177558216
"835","article_1_5_4_0_1.RDa",2,-0.368126177558216
"836","article_1_5_4_0_2.RDa",1,-0.368126177558216
"837","article_1_5_4_0_2.RDa",2,-0.368126177558216
"838","article_1_5_4_1_0.RDa",1,-0.368126177558216
"839","article_1_5_4_1_0.RDa",2,-0.368126177558216
"840","article_1_5_4_1_1.RDa",1,-0.368126177558216
"841","article_1_5_4_1_1.RDa",2,-0.368126177558216
"842","article_1_5_4_1_2.RDa",1,-0.368126177558216
"843","article_1_5_4_1_2.RDa",2,-0.368126177558216
"844","article_1_5_4_2_0.RDa",1,-0.368126177558216
"845","article_1_5_4_2_0.RDa",2,-0.368126177558216
"846","article_1_5_4_2_1.RDa",1,-0.368126177558216
"847","article_1_5_4_2_1.RDa",2,-0.368126177558216
"848","article_1_5_4_2_2.RDa",1,-0.368126177558216
"849","article_1_5_4_2_2.RDa",2,-0.368126177558216
"850","article_2_0_0_0_0.RDa",NA,NA
"851","article_2_0_0_0_1.RDa",NA,NA
"852","article_2_0_0_0_2.RDa",NA,NA
"853","article_2_0_0_1_0.RDa",NA,NA
"854","article_2_0_0_1_1.RDa",NA,NA
"855","article_2_0_0_1_2.RDa",NA,NA
"856","article_2_0_0_2_0.RDa",NA,NA
"857","article_2_0_0_2_1.RDa",NA,NA
"858","article_2_0_0_2_2.RDa",NA,NA
"859","article_2_0_1_0_0.RDa",NA,NA
"860","article_2_0_1_0_1.RDa",NA,NA
"861","article_2_0_1_0_2.RDa",NA,NA
"862","article_2_0_1_1_0.RDa",NA,NA
"863","article_2_0_1_1_1.RDa",NA,NA
"864","article_2_0_1_1_2.RDa",NA,NA
"865","article_2_0_1_2_0.RDa",NA,NA
"866","article_2_0_1_2_1.RDa",NA,NA
"867","article_2_0_1_2_2.RDa",NA,NA
"868","article_2_0_2_0_0.RDa",NA,NA
"869","article_2_0_2_0_1.RDa",NA,NA
"870","article_2_0_2_0_2.RDa",NA,NA
"871","article_2_0_2_1_0.RDa",NA,NA
"872","article_2_0_2_1_1.RDa",NA,NA
"873","article_2_0_2_1_2.RDa",NA,NA
"874","article_2_0_2_2_0.RDa",NA,NA
"875","article_2_0_2_2_1.RDa",NA,NA
"876","article_2_0_2_2_2.RDa",NA,NA
"877","article_2_0_3_0_0.RDa",NA,NA
"878","article_2_0_3_0_1.RDa",NA,NA
"879","article_2_0_3_0_2.RDa",NA,NA
"880","article_2_0_3_1_0.RDa",NA,NA
"881","article_2_0_3_1_1.RDa",NA,NA
"882","article_2_0_3_1_2.RDa",NA,NA
"883","article_2_0_3_2_0.RDa",NA,NA
"884","article_2_0_3_2_1.RDa",NA,NA
"885","article_2_0_3_2_2.RDa",NA,NA
"886","article_2_0_4_0_0.RDa",NA,NA
"887","article_2_0_4_0_1.RDa",NA,NA
"888","article_2_0_4_0_2.RDa",NA,NA
"889","article_2_0_4_1_0.RDa",NA,NA
"890","article_2_0_4_1_1.RDa",NA,NA
"891","article_2_0_4_1_2.RDa",NA,NA
"892","article_2_0_4_2_0.RDa",NA,NA
"893","article_2_0_4_2_1.RDa",NA,NA
"894","article_2_0_4_2_2.RDa",NA,NA
"895","article_2_1_0_0_0.RDa",NA,NA
"896","article_2_1_0_0_1.RDa",NA,NA
"897","article_2_1_0_0_2.RDa",NA,NA
"898","article_2_1_0_1_0.RDa",NA,NA
"899","article_2_1_0_1_1.RDa",NA,NA
"900","article_2_1_0_1_2.RDa",NA,NA
"901","article_2_1_0_2_0.RDa",NA,NA
"902","article_2_1_0_2_1.RDa",NA,NA
"903","article_2_1_0_2_2.RDa",NA,NA
"904","article_2_1_1_0_0.RDa",NA,NA
"905","article_2_1_1_0_1.RDa",NA,NA
"906","article_2_1_1_0_2.RDa",NA,NA
"907","article_2_1_1_1_0.RDa",NA,NA
"908","article_2_1_1_1_1.RDa",NA,NA
"909","article_2_1_1_1_2.RDa",NA,NA
"910","article_2_1_1_2_0.RDa",NA,NA
"911","article_2_1_1_2_1.RDa",NA,NA
"912","article_2_1_1_2_2.RDa",NA,NA
"913","article_2_1_2_0_0.RDa",NA,NA
"914","article_2_1_2_0_1.RDa",NA,NA
"915","article_2_1_2_0_2.RDa",NA,NA
"916","article_2_1_2_1_0.RDa",NA,NA
"917","article_2_1_2_1_1.RDa",NA,NA
"918","article_2_1_2_1_2.RDa",NA,NA
"919","article_2_1_2_2_0.RDa",NA,NA
"920","article_2_1_2_2_1.RDa",NA,NA
"921","article_2_1_2_2_2.RDa",NA,NA
"922","article_2_1_3_0_0.RDa",NA,NA
"923","article_2_1_3_0_1.RDa",NA,NA
"924","article_2_1_3_0_2.RDa",NA,NA
"925","article_2_1_3_1_0.RDa",NA,NA
"926","article_2_1_3_1_1.RDa",NA,NA
"927","article_2_1_3_1_2.RDa",NA,NA
"928","article_2_1_3_2_0.RDa",NA,NA
"929","article_2_1_3_2_1.RDa",NA,NA
"930","article_2_1_3_2_2.RDa",NA,NA
"931","article_2_1_4_0_0.RDa",1,-1.33832215198996
"932","article_2_1_4_0_0.RDa",2,-1.33832215198996
"933","article_2_1_4_0_1.RDa",1,-1.33832215198996
"934","article_2_1_4_0_1.RDa",2,-1.33832215198996
"935","article_2_1_4_0_2.RDa",1,-1.33832215198996
"936","article_2_1_4_0_2.RDa",2,-1.33832215198996
"937","article_2_1_4_1_0.RDa",1,-1.33832215198996
"938","article_2_1_4_1_0.RDa",2,-1.33832215198996
"939","article_2_1_4_1_1.RDa",1,-1.33832215198996
"940","article_2_1_4_1_1.RDa",2,-1.33832215198996
"941","article_2_1_4_1_2.RDa",1,-1.33832215198996
"942","article_2_1_4_1_2.RDa",2,-1.33832215198996
"943","article_2_1_4_2_0.RDa",1,-1.33832215198996
"944","article_2_1_4_2_0.RDa",2,-1.33832215198996
"945","article_2_1_4_2_1.RDa",1,-1.33832215198996
"946","article_2_1_4_2_1.RDa",2,-1.33832215198996
"947","article_2_1_4_2_2.RDa",1,-1.33832215198996
"948","article_2_1_4_2_2.RDa",2,-1.33832215198996
"949","article_2_2_0_0_0.RDa",NA,NA
"950","article_2_2_0_0_1.RDa",NA,NA
"951","article_2_2_0_0_2.RDa",NA,NA
"952","article_2_2_0_1_0.RDa",NA,NA
"953","article_2_2_0_1_1.RDa",NA,NA
"954","article_2_2_0_1_2.RDa",NA,NA
"955","article_2_2_0_2_0.RDa",NA,NA
"956","article_2_2_0_2_1.RDa",NA,NA
"957","article_2_2_0_2_2.RDa",NA,NA
"958","article_2_2_1_0_0.RDa",NA,NA
"959","article_2_2_1_0_1.RDa",NA,NA
"960","article_2_2_1_0_2.RDa",NA,NA
"961","article_2_2_1_1_0.RDa",NA,NA
"962","article_2_2_1_1_1.RDa",NA,NA
"963","article_2_2_1_1_2.RDa",NA,NA
"964","article_2_2_1_2_0.RDa",NA,NA
"965","article_2_2_1_2_1.RDa",NA,NA
"966","article_2_2_1_2_2.RDa",NA,NA
"967","article_2_2_2_0_0.RDa",NA,NA
"968","article_2_2_2_0_1.RDa",NA,NA
"969","article_2_2_2_0_2.RDa",NA,NA
"970","article_2_2_2_1_0.RDa",NA,NA
"971","article_2_2_2_1_1.RDa",NA,NA
"972","article_2_2_2_1_2.RDa",NA,NA
"973","article_2_2_2_2_0.RDa",NA,NA
"974","article_2_2_2_2_1.RDa",NA,NA
"975","article_2_2_2_2_2.RDa",NA,NA
"976","article_2_2_3_0_0.RDa",NA,NA
"977","article_2_2_3_0_1.RDa",NA,NA
"978","article_2_2_3_0_2.RDa",NA,NA
"979","article_2_2_3_1_0.RDa",NA,NA
"980","article_2_2_3_1_1.RDa",NA,NA
"981","article_2_2_3_1_2.RDa",NA,NA
"982","article_2_2_3_2_0.RDa",NA,NA
"983","article_2_2_3_2_1.RDa",NA,NA
"984","article_2_2_3_2_2.RDa",NA,NA
"985","article_2_2_4_0_0.RDa",NA,NA
"986","article_2_2_4_0_1.RDa",1,-1.73205080756888
"987","article_2_2_4_0_1.RDa",2,-1.73205080756888
"988","article_2_2_4_0_2.RDa",NA,NA
"989","article_2_2_4_1_0.RDa",NA,NA
"990","article_2_2_4_1_1.RDa",NA,NA
"991","article_2_2_4_1_2.RDa",NA,NA
"992","article_2_2_4_2_0.RDa",NA,NA
"993","article_2_2_4_2_1.RDa",NA,NA
"994","article_2_2_4_2_2.RDa",NA,NA
"995","article_2_3_0_0_0.RDa",NA,NA
"996","article_2_3_0_0_1.RDa",NA,NA
"997","article_2_3_0_0_2.RDa",NA,NA
"998","article_2_3_0_1_0.RDa",NA,NA
"999","article_2_3_0_1_1.RDa",NA,NA
"1000","article_2_3_0_1_2.RDa",NA,NA
"1001","article_2_3_0_2_0.RDa",NA,NA
"1002","article_2_3_0_2_1.RDa",NA,NA
"1003","article_2_3_0_2_2.RDa",NA,NA
"1004","article_2_3_1_0_0.RDa",NA,NA
"1005","article_2_3_1_0_1.RDa",NA,NA
"1006","article_2_3_1_0_2.RDa",NA,NA
"1007","article_2_3_1_1_0.RDa",NA,NA
"1008","article_2_3_1_1_1.RDa",NA,NA
"1009","article_2_3_1_1_2.RDa",NA,NA
"1010","article_2_3_1_2_0.RDa",NA,NA
"1011","article_2_3_1_2_1.RDa",NA,NA
"1012","article_2_3_1_2_2.RDa",NA,NA
"1013","article_2_3_2_0_0.RDa",NA,NA
"1014","article_2_3_2_0_1.RDa",NA,NA
"1015","article_2_3_2_0_2.RDa",NA,NA
"1016","article_2_3_2_1_0.RDa",NA,NA
"1017","article_2_3_2_1_1.RDa",NA,NA
"1018","article_2_3_2_1_2.RDa",NA,NA
"1019","article_2_3_2_2_0.RDa",NA,NA
"1020","article_2_3_2_2_1.RDa",NA,NA
"1021","article_2_3_2_2_2.RDa",NA,NA
"1022","article_2_3_3_0_0.RDa",NA,NA
"1023","article_2_3_3_0_1.RDa",NA,NA
"1024","article_2_3_3_0_2.RDa",NA,NA
"1025","article_2_3_3_1_0.RDa",NA,NA
"1026","article_2_3_3_1_1.RDa",NA,NA
"1027","article_2_3_3_1_2.RDa",NA,NA
"1028","article_2_3_3_2_0.RDa",NA,NA
"1029","article_2_3_3_2_1.RDa",NA,NA
"1030","article_2_3_3_2_2.RDa",NA,NA
"1031","article_2_3_4_0_0.RDa",NA,NA
"1032","article_2_3_4_0_1.RDa",NA,NA
"1033","article_2_3_4_0_2.RDa",NA,NA
"1034","article_2_3_4_1_0.RDa",NA,NA
"1035","article_2_3_4_1_1.RDa",NA,NA
"1036","article_2_3_4_1_2.RDa",NA,NA
"1037","article_2_3_4_2_0.RDa",NA,NA
"1038","article_2_3_4_2_1.RDa",NA,NA
"1039","article_2_3_4_2_2.RDa",NA,NA
"1040","article_2_4_0_0_0.RDa",NA,NA
"1041","article_2_4_0_0_1.RDa",NA,NA
"1042","article_2_4_0_0_2.RDa",NA,NA
"1043","article_2_4_0_1_0.RDa",NA,NA
"1044","article_2_4_0_1_1.RDa",NA,NA
"1045","article_2_4_0_1_2.RDa",NA,NA
"1046","article_2_4_0_2_0.RDa",NA,NA
"1047","article_2_4_0_2_1.RDa",NA,NA
"1048","article_2_4_0_2_2.RDa",NA,NA
"1049","article_2_4_1_0_0.RDa",NA,NA
"1050","article_2_4_1_0_1.RDa",NA,NA
"1051","article_2_4_1_0_2.RDa",NA,NA
"1052","article_2_4_1_1_0.RDa",NA,NA
"1053","article_2_4_1_1_1.RDa",NA,NA
"1054","article_2_4_1_1_2.RDa",NA,NA
"1055","article_2_4_1_2_0.RDa",NA,NA
"1056","article_2_4_1_2_1.RDa",NA,NA
"1057","article_2_4_1_2_2.RDa",NA,NA
"1058","article_2_4_2_0_0.RDa",NA,NA
"1059","article_2_4_2_0_1.RDa",NA,NA
"1060","article_2_4_2_0_2.RDa",NA,NA
"1061","article_2_4_2_1_0.RDa",NA,NA
"1062","article_2_4_2_1_1.RDa",NA,NA
"1063","article_2_4_2_1_2.RDa",NA,NA
"1064","article_2_4_2_2_0.RDa",NA,NA
"1065","article_2_4_2_2_1.RDa",NA,NA
"1066","article_2_4_2_2_2.RDa",NA,NA
"1067","article_2_4_3_0_0.RDa",NA,NA
"1068","article_2_4_3_0_1.RDa",NA,NA
"1069","article_2_4_3_0_2.RDa",NA,NA
"1070","article_2_4_3_1_0.RDa",NA,NA
"1071","article_2_4_3_1_1.RDa",NA,NA
"1072","article_2_4_3_1_2.RDa",NA,NA
"1073","article_2_4_3_2_0.RDa",NA,NA
"1074","article_2_4_3_2_1.RDa",NA,NA
"1075","article_2_4_3_2_2.RDa",NA,NA
"1076","article_2_4_4_0_0.RDa",NA,NA
"1077","article_2_4_4_0_1.RDa",NA,NA
"1078","article_2_4_4_0_2.RDa",NA,NA
"1079","article_2_4_4_1_0.RDa",NA,NA
"1080","article_2_4_4_1_1.RDa",NA,NA
"1081","article_2_4_4_1_2.RDa",NA,NA
"1082","article_2_4_4_2_0.RDa",1,-1.73205080756888
"1083","article_2_4_4_2_0.RDa",2,-1.73205080756888
"1084","article_2_4_4_2_1.RDa",NA,NA
"1085","article_2_4_4_2_2.RDa",NA,NA
"1086","article_2_5_0_0_0.RDa",NA,NA
"1087","article_2_5_0_0_1.RDa",NA,NA
"1088","article_2_5_0_0_2.RDa",NA,NA
"1089","article_2_5_0_1_0.RDa",NA,NA
"1090","article_2_5_0_1_1.RDa",NA,NA
"1091","article_2_5_0_1_2.RDa",NA,NA
"1092","article_2_5_0_2_0.RDa",NA,NA
"1093","article_2_5_0_2_1.RDa",NA,NA
"1094","article_2_5_0_2_2.RDa",NA,NA
"1095","article_2_5_1_0_0.RDa",NA,NA
"1096","article_2_5_1_0_1.RDa",NA,NA
"1097","article_2_5_1_0_2.RDa",NA,NA
"1098","article_2_5_1_1_0.RDa",NA,NA
"1099","article_2_5_1_1_1.RDa",NA,NA
"1100","article_2_5_1_1_2.RDa",NA,NA
"1101","article_2_5_1_2_0.RDa",NA,NA
"1102","article_2_5_1_2_1.RDa",NA,NA
"1103","article_2_5_1_2_2.RDa",NA,NA
"1104","article_2_5_2_0_0.RDa",NA,NA
"1105","article_2_5_2_0_1.RDa",NA,NA
"1106","article_2_5_2_0_2.RDa",NA,NA
"1107","article_2_5_2_1_0.RDa",NA,NA
"1108","article_2_5_2_1_1.RDa",NA,NA
"1109","article_2_5_2_1_2.RDa",NA,NA
"1110","article_2_5_2_2_0.RDa",NA,NA
"1111","article_2_5_2_2_1.RDa",NA,NA
"1112","article_2_5_2_2_2.RDa",NA,NA
"1113","article_2_5_3_0_0.RDa",NA,NA
"1114","article_2_5_3_0_1.RDa",NA,NA
"1115","article_2_5_3_0_2.RDa",NA,NA
"1116","article_2_5_3_1_0.RDa",NA,NA
"1117","article_2_5_3_1_1.RDa",NA,NA
"1118","article_2_5_3_1_2.RDa",NA,NA
"1119","article_2_5_3_2_0.RDa",NA,NA
"1120","article_2_5_3_2_1.RDa",NA,NA
"1121","article_2_5_3_2_2.RDa",NA,NA
"1122","article_2_5_4_0_0.RDa",NA,NA
"1123","article_2_5_4_0_1.RDa",NA,NA
"1124","article_2_5_4_0_2.RDa",NA,NA
"1125","article_2_5_4_1_0.RDa",NA,NA
"1126","article_2_5_4_1_1.RDa",NA,NA
"1127","article_2_5_4_1_2.RDa",NA,NA
"1128","article_2_5_4_2_0.RDa",NA,NA
"1129","article_2_5_4_2_1.RDa",NA,NA
"1130","article_2_5_4_2_2.RDa",NA,NA
"1131","article_3_0_0_0_0.RDa",NA,NA
"1132","article_3_0_0_0_1.RDa",NA,NA
"1133","article_3_0_0_0_2.RDa",NA,NA
"1134","article_3_0_0_1_0.RDa",NA,NA
"1135","article_3_0_0_1_1.RDa",NA,NA
"1136","article_3_0_0_1_2.RDa",NA,NA
"1137","article_3_0_0_2_0.RDa",NA,NA
"1138","article_3_0_0_2_1.RDa",NA,NA
"1139","article_3_0_0_2_2.RDa",NA,NA
"1140","article_3_0_1_0_0.RDa",NA,NA
"1141","article_3_0_1_0_1.RDa",NA,NA
"1142","article_3_0_1_0_2.RDa",NA,NA
"1143","article_3_0_1_1_0.RDa",NA,NA
"1144","article_3_0_1_1_1.RDa",NA,NA
"1145","article_3_0_1_1_2.RDa",NA,NA
"1146","article_3_0_1_2_0.RDa",NA,NA
"1147","article_3_0_1_2_1.RDa",NA,NA
"1148","article_3_0_1_2_2.RDa",NA,NA
"1149","article_3_0_2_0_0.RDa",NA,NA
"1150","article_3_0_2_0_1.RDa",NA,NA
"1151","article_3_0_2_0_2.RDa",NA,NA
"1152","article_3_0_2_1_0.RDa",NA,NA
"1153","article_3_0_2_1_1.RDa",NA,NA
"1154","article_3_0_2_1_2.RDa",NA,NA
"1155","article_3_0_2_2_0.RDa",NA,NA
"1156","article_3_0_2_2_1.RDa",NA,NA
"1157","article_3_0_2_2_2.RDa",NA,NA
"1158","article_3_0_3_0_0.RDa",NA,NA
"1159","article_3_0_3_0_1.RDa",NA,NA
"1160","article_3_0_3_0_2.RDa",NA,NA
"1161","article_3_0_3_1_0.RDa",NA,NA
"1162","article_3_0_3_1_1.RDa",NA,NA
"1163","article_3_0_3_1_2.RDa",NA,NA
"1164","article_3_0_3_2_0.RDa",NA,NA
"1165","article_3_0_3_2_1.RDa",NA,NA
"1166","article_3_0_3_2_2.RDa",NA,NA
"1167","article_3_0_4_0_0.RDa",NA,NA
"1168","article_3_0_4_0_1.RDa",NA,NA
"1169","article_3_0_4_0_2.RDa",NA,NA
"1170","article_3_0_4_1_0.RDa",NA,NA
"1171","article_3_0_4_1_1.RDa",NA,NA
"1172","article_3_0_4_1_2.RDa",NA,NA
"1173","article_3_0_4_2_0.RDa",NA,NA
"1174","article_3_0_4_2_1.RDa",NA,NA
"1175","article_3_0_4_2_2.RDa",NA,NA
"1176","article_3_1_0_0_0.RDa",1,-1.25338862892852
"1177","article_3_1_0_0_0.RDa",2,-1.49908268126761
"1178","article_3_1_0_0_1.RDa",1,-1.25338862892852
"1179","article_3_1_0_0_1.RDa",2,-1.49908268126761
"1180","article_3_1_0_0_2.RDa",1,-1.25338862892852
"1181","article_3_1_0_0_2.RDa",2,-1.49908268126761
"1182","article_3_1_0_1_0.RDa",1,-1.25338862892852
"1183","article_3_1_0_1_0.RDa",2,-1.49908268126761
"1184","article_3_1_0_1_1.RDa",1,-1.25338862892852
"1185","article_3_1_0_1_1.RDa",2,-1.49908268126761
"1186","article_3_1_0_1_2.RDa",1,-1.25338862892852
"1187","article_3_1_0_1_2.RDa",2,-1.49908268126761
"1188","article_3_1_0_2_0.RDa",1,-1.25338862892852
"1189","article_3_1_0_2_0.RDa",2,-1.49908268126761
"1190","article_3_1_0_2_1.RDa",1,-1.25338862892852
"1191","article_3_1_0_2_1.RDa",2,-1.49908268126761
"1192","article_3_1_0_2_2.RDa",1,-1.25338862892852
"1193","article_3_1_0_2_2.RDa",2,-1.49908268126761
"1194","article_3_1_1_0_0.RDa",1,-0.36702785850766
"1195","article_3_1_1_0_0.RDa",2,-1.26013390056426
"1196","article_3_1_1_0_1.RDa",1,-0.36702785850766
"1197","article_3_1_1_0_1.RDa",2,-1.26013390056426
"1198","article_3_1_1_0_2.RDa",1,-0.36702785850766
"1199","article_3_1_1_0_2.RDa",2,-1.26013390056426
"1200","article_3_1_1_1_0.RDa",1,-0.36702785850766
"1201","article_3_1_1_1_0.RDa",2,-1.26013390056426
"1202","article_3_1_1_1_1.RDa",1,-0.36702785850766
"1203","article_3_1_1_1_1.RDa",2,-1.26013390056426
"1204","article_3_1_1_1_2.RDa",1,-0.36702785850766
"1205","article_3_1_1_1_2.RDa",2,-1.26013390056426
"1206","article_3_1_1_2_0.RDa",1,-0.36702785850766
"1207","article_3_1_1_2_0.RDa",2,-1.26013390056426
"1208","article_3_1_1_2_1.RDa",NA,NA
"1209","article_3_1_1_2_2.RDa",1,-0.36702785850766
"1210","article_3_1_1_2_2.RDa",2,-1.26013390056426
"1211","article_3_1_2_0_0.RDa",NA,NA
"1212","article_3_1_2_0_1.RDa",NA,NA
"1213","article_3_1_2_0_2.RDa",NA,NA
"1214","article_3_1_2_1_0.RDa",NA,NA
"1215","article_3_1_2_1_1.RDa",NA,NA
"1216","article_3_1_2_1_2.RDa",1,-1.19116715209304
"1217","article_3_1_2_1_2.RDa",2,-1.07704864850696
"1218","article_3_1_2_2_0.RDa",1,-1.19116715209304
"1219","article_3_1_2_2_0.RDa",2,-1.07704864850696
"1220","article_3_1_2_2_1.RDa",1,-1.19116715209304
"1221","article_3_1_2_2_1.RDa",2,-1.07704864850696
"1222","article_3_1_2_2_2.RDa",1,-1.19116715209304
"1223","article_3_1_2_2_2.RDa",2,-1.07704864850696
"1224","article_3_1_3_0_0.RDa",NA,NA
"1225","article_3_1_3_0_1.RDa",1,-2.23871820167585
"1226","article_3_1_3_0_1.RDa",2,-2.23871820167585
"1227","article_3_1_3_0_2.RDa",NA,NA
"1228","article_3_1_3_1_0.RDa",NA,NA
"1229","article_3_1_3_1_1.RDa",1,-2.23871820167585
"1230","article_3_1_3_1_1.RDa",2,-2.23871820167585
"1231","article_3_1_3_1_2.RDa",1,-2.23871820167585
"1232","article_3_1_3_1_2.RDa",2,-2.23871820167585
"1233","article_3_1_3_2_0.RDa",NA,NA
"1234","article_3_1_3_2_1.RDa",NA,NA
"1235","article_3_1_3_2_2.RDa",1,-2.23871820167585
"1236","article_3_1_3_2_2.RDa",2,-2.23871820167585
"1237","article_3_1_4_0_0.RDa",NA,NA
"1238","article_3_1_4_0_1.RDa",NA,NA
"1239","article_3_1_4_0_2.RDa",NA,NA
"1240","article_3_1_4_1_0.RDa",NA,NA
"1241","article_3_1_4_1_1.RDa",1,-2.38518621436103
"1242","article_3_1_4_1_1.RDa",2,-2.38518621436103
"1243","article_3_1_4_1_2.RDa",NA,NA
"1244","article_3_1_4_2_0.RDa",1,-2.38518621436103
"1245","article_3_1_4_2_0.RDa",2,-2.38518621436103
"1246","article_3_1_4_2_1.RDa",1,-2.38518621436103
"1247","article_3_1_4_2_1.RDa",2,-2.38518621436103
"1248","article_3_1_4_2_2.RDa",1,-2.38518621436103
"1249","article_3_1_4_2_2.RDa",2,-2.38518621436103
"1250","article_3_2_0_0_0.RDa",1,-0.942671288203581
"1251","article_3_2_0_0_0.RDa",2,-1.32414773278168
"1252","article_3_2_0_0_1.RDa",1,-0.942671288203581
"1253","article_3_2_0_0_1.RDa",2,-1.32414773278168
"1254","article_3_2_0_0_2.RDa",NA,NA
"1255","article_3_2_0_1_0.RDa",1,-0.942671288203581
"1256","article_3_2_0_1_0.RDa",2,-1.32414773278168
"1257","article_3_2_0_1_1.RDa",1,-0.942671288203581
"1258","article_3_2_0_1_1.RDa",2,-1.32414773278168
"1259","article_3_2_0_1_2.RDa",1,-0.942671288203581
"1260","article_3_2_0_1_2.RDa",2,-1.32414773278168
"1261","article_3_2_0_2_0.RDa",1,-0.942671288203581
"1262","article_3_2_0_2_0.RDa",2,-1.32414773278168
"1263","article_3_2_0_2_1.RDa",1,-0.942671288203581
"1264","article_3_2_0_2_1.RDa",2,-1.32414773278168
"1265","article_3_2_0_2_2.RDa",NA,NA
"1266","article_3_2_1_0_0.RDa",1,-1.62666914544241
"1267","article_3_2_1_0_0.RDa",2,-1.28914050622025
"1268","article_3_2_1_0_1.RDa",NA,NA
"1269","article_3_2_1_0_2.RDa",NA,NA
"1270","article_3_2_1_1_0.RDa",NA,NA
"1271","article_3_2_1_1_1.RDa",1,-1.62666914544241
"1272","article_3_2_1_1_1.RDa",2,-1.28914050622025
"1273","article_3_2_1_1_2.RDa",NA,NA
"1274","article_3_2_1_2_0.RDa",NA,NA
"1275","article_3_2_1_2_1.RDa",NA,NA
"1276","article_3_2_1_2_2.RDa",NA,NA
"1277","article_3_2_2_0_0.RDa",NA,NA
"1278","article_3_2_2_0_1.RDa",1,-1.54303152413905
"1279","article_3_2_2_0_1.RDa",2,-1.50292293728191
"1280","article_3_2_2_0_2.RDa",1,-1.54303152413905
"1281","article_3_2_2_0_2.RDa",2,-1.50292293728191
"1282","article_3_2_2_1_0.RDa",1,-1.54303152413905
"1283","article_3_2_2_1_0.RDa",2,-1.50292293728191
"1284","article_3_2_2_1_1.RDa",1,-1.54303152413905
"1285","article_3_2_2_1_1.RDa",2,-1.50292293728191
"1286","article_3_2_2_1_2.RDa",1,-1.54303152413905
"1287","article_3_2_2_1_2.RDa",2,-1.50292293728191
"1288","article_3_2_2_2_0.RDa",NA,NA
"1289","article_3_2_2_2_1.RDa",1,-1.54303152413905
"1290","article_3_2_2_2_1.RDa",2,-1.50292293728191
"1291","article_3_2_2_2_2.RDa",NA,NA
"1292","article_3_2_3_0_0.RDa",1,-0.299139429285213
"1293","article_3_2_3_0_0.RDa",2,-0.299139429285213
"1294","article_3_2_3_0_1.RDa",1,-0.299139429285213
"1295","article_3_2_3_0_1.RDa",2,-0.299139429285213
"1296","article_3_2_3_0_2.RDa",1,-0.299139429285213
"1297","article_3_2_3_0_2.RDa",2,-0.299139429285213
"1298","article_3_2_3_1_0.RDa",1,-0.299139429285213
"1299","article_3_2_3_1_0.RDa",2,-0.299139429285213
"1300","article_3_2_3_1_1.RDa",NA,NA
"1301","article_3_2_3_1_2.RDa",NA,NA
"1302","article_3_2_3_2_0.RDa",1,-0.299139429285213
"1303","article_3_2_3_2_0.RDa",2,-0.299139429285213
"1304","article_3_2_3_2_1.RDa",1,-0.299139429285213
"1305","article_3_2_3_2_1.RDa",2,-0.299139429285213
"1306","article_3_2_3_2_2.RDa",1,-0.299139429285213
"1307","article_3_2_3_2_2.RDa",2,-0.299139429285213
"1308","article_3_2_4_0_0.RDa",1,-0.376131426887124
"1309","article_3_2_4_0_0.RDa",2,-0.376131426887124
"1310","article_3_2_4_0_1.RDa",1,-0.376131426887124
"1311","article_3_2_4_0_1.RDa",2,-0.376131426887124
"1312","article_3_2_4_0_2.RDa",1,-0.376131426887124
"1313","article_3_2_4_0_2.RDa",2,-0.376131426887124
"1314","article_3_2_4_1_0.RDa",1,-0.376131426887124
"1315","article_3_2_4_1_0.RDa",2,-0.376131426887124
"1316","article_3_2_4_1_1.RDa",1,-0.376131426887124
"1317","article_3_2_4_1_1.RDa",2,-0.376131426887124
"1318","article_3_2_4_1_2.RDa",NA,NA
"1319","article_3_2_4_2_0.RDa",1,-0.376131426887124
"1320","article_3_2_4_2_0.RDa",2,-0.376131426887124
"1321","article_3_2_4_2_1.RDa",NA,NA
"1322","article_3_2_4_2_2.RDa",1,-0.376131426887124
"1323","article_3_2_4_2_2.RDa",2,-0.376131426887124
"1324","article_3_3_0_0_0.RDa",1,-2.26793684932631
"1325","article_3_3_0_0_0.RDa",2,-1.99519745215793
"1326","article_3_3_0_0_1.RDa",NA,NA
"1327","article_3_3_0_0_2.RDa",NA,NA
"1328","article_3_3_0_1_0.RDa",1,-2.26793684932631
"1329","article_3_3_0_1_0.RDa",2,-1.99519745215793
"1330","article_3_3_0_1_1.RDa",1,-2.26793684932631
"1331","article_3_3_0_1_1.RDa",2,-1.99519745215793
"1332","article_3_3_0_1_2.RDa",NA,NA
"1333","article_3_3_0_2_0.RDa",1,-2.26793684932631
"1334","article_3_3_0_2_0.RDa",2,-1.99519745215793
"1335","article_3_3_0_2_1.RDa",1,-2.26793684932631
"1336","article_3_3_0_2_1.RDa",2,-1.99519745215793
"1337","article_3_3_0_2_2.RDa",NA,NA
"1338","article_3_3_1_0_0.RDa",1,-1.68420615077416
"1339","article_3_3_1_0_0.RDa",2,-1.46028162874117
"1340","article_3_3_1_0_1.RDa",NA,NA
"1341","article_3_3_1_0_2.RDa",NA,NA
"1342","article_3_3_1_1_0.RDa",1,-1.68420615077416
"1343","article_3_3_1_1_0.RDa",2,-1.46028162874117
"1344","article_3_3_1_1_1.RDa",NA,NA
"1345","article_3_3_1_1_2.RDa",1,-1.68420615077416
"1346","article_3_3_1_1_2.RDa",2,-1.46028162874117
"1347","article_3_3_1_2_0.RDa",NA,NA
"1348","article_3_3_1_2_1.RDa",1,-1.68420615077416
"1349","article_3_3_1_2_1.RDa",2,-1.46028162874117
"1350","article_3_3_1_2_2.RDa",1,-1.68420615077416
"1351","article_3_3_1_2_2.RDa",2,-1.46028162874117
"1352","article_3_3_2_0_0.RDa",NA,NA
"1353","article_3_3_2_0_1.RDa",1,-1.91595502588023
"1354","article_3_3_2_0_1.RDa",2,-1.98442282365805
"1355","article_3_3_2_0_2.RDa",1,-1.91595502588023
"1356","article_3_3_2_0_2.RDa",2,-1.98442282365805
"1357","article_3_3_2_1_0.RDa",1,-1.91595502588023
"1358","article_3_3_2_1_0.RDa",2,-1.98442282365805
"1359","article_3_3_2_1_1.RDa",NA,NA
"1360","article_3_3_2_1_2.RDa",NA,NA
"1361","article_3_3_2_2_0.RDa",NA,NA
"1362","article_3_3_2_2_1.RDa",1,-1.91595502588023
"1363","article_3_3_2_2_1.RDa",2,-1.98442282365805
"1364","article_3_3_2_2_2.RDa",1,-1.91595502588023
"1365","article_3_3_2_2_2.RDa",2,-1.98442282365805
"1366","article_3_3_3_0_0.RDa",NA,NA
"1367","article_3_3_3_0_1.RDa",NA,NA
"1368","article_3_3_3_0_2.RDa",NA,NA
"1369","article_3_3_3_1_0.RDa",NA,NA
"1370","article_3_3_3_1_1.RDa",1,-2.51453014027983
"1371","article_3_3_3_1_1.RDa",2,-2.1394513105243
"1372","article_3_3_3_1_2.RDa",NA,NA
"1373","article_3_3_3_2_0.RDa",NA,NA
"1374","article_3_3_3_2_1.RDa",NA,NA
"1375","article_3_3_3_2_2.RDa",NA,NA
"1376","article_3_3_4_0_0.RDa",NA,NA
"1377","article_3_3_4_0_1.RDa",1,0.180653666558166
"1378","article_3_3_4_0_1.RDa",2,-0.118149934574578
"1379","article_3_3_4_0_2.RDa",1,0.180653666558166
"1380","article_3_3_4_0_2.RDa",2,-0.118149934574578
"1381","article_3_3_4_1_0.RDa",1,0.180653666558166
"1382","article_3_3_4_1_0.RDa",2,-0.118149934574578
"1383","article_3_3_4_1_1.RDa",NA,NA
"1384","article_3_3_4_1_2.RDa",NA,NA
"1385","article_3_3_4_2_0.RDa",NA,NA
"1386","article_3_3_4_2_1.RDa",NA,NA
"1387","article_3_3_4_2_2.RDa",1,0.180653666558166
"1388","article_3_3_4_2_2.RDa",2,-0.118149934574578
"1389","article_3_4_0_0_0.RDa",1,-0.969018711175721
"1390","article_3_4_0_0_0.RDa",2,-1.18873265626625
"1391","article_3_4_0_0_1.RDa",NA,NA
"1392","article_3_4_0_0_2.RDa",NA,NA
"1393","article_3_4_0_1_0.RDa",NA,NA
"1394","article_3_4_0_1_1.RDa",NA,NA
"1395","article_3_4_0_1_2.RDa",NA,NA
"1396","article_3_4_0_2_0.RDa",NA,NA
"1397","article_3_4_0_2_1.RDa",NA,NA
"1398","article_3_4_0_2_2.RDa",NA,NA
"1399","article_3_4_1_0_0.RDa",NA,NA
"1400","article_3_4_1_0_1.RDa",NA,NA
"1401","article_3_4_1_0_2.RDa",NA,NA
"1402","article_3_4_1_1_0.RDa",NA,NA
"1403","article_3_4_1_1_1.RDa",NA,NA
"1404","article_3_4_1_1_2.RDa",NA,NA
"1405","article_3_4_1_2_0.RDa",NA,NA
"1406","article_3_4_1_2_1.RDa",NA,NA
"1407","article_3_4_1_2_2.RDa",NA,NA
"1408","article_3_4_2_0_0.RDa",NA,NA
"1409","article_3_4_2_0_1.RDa",NA,NA
"1410","article_3_4_2_0_2.RDa",NA,NA
"1411","article_3_4_2_1_0.RDa",1,-1.64925246656821
"1412","article_3_4_2_1_0.RDa",2,-1.98428152829162
"1413","article_3_4_2_1_1.RDa",1,-1.64925246656821
"1414","article_3_4_2_1_1.RDa",2,-1.98428152829162
"1415","article_3_4_2_1_2.RDa",1,-1.64925246656821
"1416","article_3_4_2_1_2.RDa",2,-1.98428152829162
"1417","article_3_4_2_2_0.RDa",NA,NA
"1418","article_3_4_2_2_1.RDa",NA,NA
"1419","article_3_4_2_2_2.RDa",NA,NA
"1420","article_3_4_3_0_0.RDa",NA,NA
"1421","article_3_4_3_0_1.RDa",NA,NA
"1422","article_3_4_3_0_2.RDa",NA,NA
"1423","article_3_4_3_1_0.RDa",NA,NA
"1424","article_3_4_3_1_1.RDa",NA,NA
"1425","article_3_4_3_1_2.RDa",NA,NA
"1426","article_3_4_3_2_0.RDa",NA,NA
"1427","article_3_4_3_2_1.RDa",NA,NA
"1428","article_3_4_3_2_2.RDa",NA,NA
"1429","article_3_4_4_0_0.RDa",NA,NA
"1430","article_3_4_4_0_1.RDa",NA,NA
"1431","article_3_4_4_0_2.RDa",NA,NA
"1432","article_3_4_4_1_0.RDa",NA,NA
"1433","article_3_4_4_1_1.RDa",NA,NA
"1434","article_3_4_4_1_2.RDa",NA,NA
"1435","article_3_4_4_2_0.RDa",NA,NA
"1436","article_3_4_4_2_1.RDa",NA,NA
"1437","article_3_4_4_2_2.RDa",NA,NA
"1438","article_3_5_0_0_0.RDa",NA,NA
"1439","article_3_5_0_0_1.RDa",NA,NA
"1440","article_3_5_0_0_2.RDa",NA,NA
"1441","article_3_5_0_1_0.RDa",NA,NA
"1442","article_3_5_0_1_1.RDa",NA,NA
"1443","article_3_5_0_1_2.RDa",NA,NA
"1444","article_3_5_0_2_0.RDa",NA,NA
"1445","article_3_5_0_2_1.RDa",NA,NA
"1446","article_3_5_0_2_2.RDa",NA,NA
"1447","article_3_5_1_0_0.RDa",NA,NA
"1448","article_3_5_1_0_1.RDa",NA,NA
"1449","article_3_5_1_0_2.RDa",NA,NA
"1450","article_3_5_1_1_0.RDa",NA,NA
"1451","article_3_5_1_1_1.RDa",NA,NA
"1452","article_3_5_1_1_2.RDa",NA,NA
"1453","article_3_5_1_2_0.RDa",NA,NA
"1454","article_3_5_1_2_1.RDa",NA,NA
"1455","article_3_5_1_2_2.RDa",NA,NA
"1456","article_3_5_2_0_0.RDa",NA,NA
"1457","article_3_5_2_0_1.RDa",NA,NA
"1458","article_3_5_2_0_2.RDa",NA,NA
"1459","article_3_5_2_1_0.RDa",NA,NA
"1460","article_3_5_2_1_1.RDa",NA,NA
"1461","article_3_5_2_1_2.RDa",NA,NA
"1462","article_3_5_2_2_0.RDa",NA,NA
"1463","article_3_5_2_2_1.RDa",NA,NA
"1464","article_3_5_2_2_2.RDa",NA,NA
"1465","article_3_5_3_0_0.RDa",NA,NA
"1466","article_3_5_3_0_1.RDa",NA,NA
"1467","article_3_5_3_0_2.RDa",NA,NA
"1468","article_3_5_3_1_0.RDa",NA,NA
"1469","article_3_5_3_1_1.RDa",NA,NA
"1470","article_3_5_3_1_2.RDa",NA,NA
"1471","article_3_5_3_2_0.RDa",NA,NA
"1472","article_3_5_3_2_1.RDa",NA,NA
"1473","article_3_5_3_2_2.RDa",NA,NA
"1474","article_3_5_4_0_0.RDa",NA,NA
"1475","article_3_5_4_0_1.RDa",NA,NA
"1476","article_3_5_4_0_2.RDa",NA,NA
"1477","article_3_5_4_1_0.RDa",NA,NA
"1478","article_3_5_4_1_1.RDa",NA,NA
"1479","article_3_5_4_1_2.RDa",NA,NA
"1480","article_3_5_4_2_0.RDa",NA,NA
"1481","article_3_5_4_2_1.RDa",NA,NA
"1482","article_3_5_4_2_2.RDa",1,-0.165666195752482
"1483","article_3_5_4_2_2.RDa",2,-0.165666195752482
"1484","example_1.RDa",NA,NA
"1485","example_2.RDa",NA,NA
"1486","example_3.RDa",NA,NA
"1487","example_4.RDa",NA,NA
"1488","toy_example_1.RDa",NA,NA
"1489","toy_example_2.RDa",NA,NA
"1490","toy_example_3.RDa",NA,NA
"1491","toy_example_4.RDa",NA,NA
